,Data Source,World Development Indicators,Unnamed: 2,Unnamed: 3,Unnamed: 4,Unnamed: 5,Unnamed: 6,Unnamed: 7,Unnamed: 8,Unnamed: 9,Unnamed: 10,Unnamed: 11,Unnamed: 12,Unnamed: 13,Unnamed: 14,Unnamed: 15,Unnamed: 16,Unnamed: 17,Unnamed: 18,Unnamed: 19,Unnamed: 20,Unnamed: 21,Unnamed: 22,Unnamed: 23,Unnamed: 24,Unnamed: 25,Unnamed: 26,Unnamed: 27,Unnamed: 28,Unnamed: 29,Unnamed: 30,Unnamed: 31,Unnamed: 32,Unnamed: 33,Unnamed: 34,Unnamed: 35,Unnamed: 36,Unnamed: 37,Unnamed: 38,Unnamed: 39,Unnamed: 40,Unnamed: 41,Unnamed: 42,Unnamed: 43,Unnamed: 44,Unnamed: 45,Unnamed: 46,Unnamed: 47,Unnamed: 48,Unnamed: 49,Unnamed: 50,Unnamed: 51,Unnamed: 52,Unnamed: 53,Unnamed: 54,Unnamed: 55,Unnamed: 56,Unnamed: 57
0,,,,,,,,,,,,,,,,,,,,,,,,,,,,,,,,,,,,,,,,,,,,,,,,,,,,,,,,,,
1,Country Name,Country Code,Indicator Name,Indicator Code,1960.0,1961.0,1962.0,1963.0,1964.0,1965.0,1966.0,1967.0,1968.0,1969.0,1970.0,1971.0,1972.0,1973.0,1974.0,1975.0,1976.0,1977.0,1978.0,1979.0,1980.0,1981.0,1982.0,1983.0,1984.0,1985.0,1986.0,1987.0,1988.0,1989.0,1990.0,1991.0,1992.0,1993.0,1994.0,1995.0,1996.0,1997.0,1998.0,1999.0,2000.0,2001.0,2002.0,2003.0,2004.0,2005.0,2006.0,2007.0,2008.0,2009.0,2010.0,2011.0,2012.0,2013.0
2,Aruba,ABW,"Central government debt, total (% of GDP)",GC.DOD.TOTL.GD.ZS,,,,,,,,,,,,,,,,,,,,,,,,,,,,,,,,,,,,,,,,,,,,,,,,,,,,,,
3,Andorra,AND,"Central government debt, total (% of GDP)",GC.DOD.TOTL.GD.ZS,,,,,,,,,,,,,,,,,,,,,,,,,,,,,,,,,,,,,,,,,,,,,,,,,,,,,,
4,Afghanistan,AFG,"Central government debt, total (% of GDP)",GC.DOD.TOTL.GD.ZS,,,,,,,,,,,,,,,,,,,,,,,,,,,,,,,,,,,,,,,,,,,,,,,,,,,,,,
5,Angola,AGO,"Central government debt, total (% of GDP)",GC.DOD.TOTL.GD.ZS,,,,,,,,,,,,,,,,,,,,,,,,,,,,,,,,,,,,,,,,,,,,,,,,,,,,,,
6,Albania,ALB,"Central government debt, total (% of GDP)",GC.DOD.TOTL.GD.ZS,,,,,,,,,,,,,,,,,,,,,,,,,,,,,,,,,,,,35.28888344864597,39.7091360916135,54.43415286749573,51.69209038734317,,,,,,,,,,,,,,,
7,Andean Region,ANR,"Central government debt, total (% of GDP)",GC.DOD.TOTL.GD.ZS,,,,,,,,,,,,,,,,,,,,,,,,,,,,,,,,,,,,,,,,,,,,,,,,,,,,,,
8,Arab World,ARB,"Central government debt, total (% of GDP)",GC.DOD.TOTL.GD.ZS,,,,,,,,,,,,,,,,,,,,,,,,,,,,,,,,,,,,,,,,,,,,,,,,,,,,,,
9,United Arab Emirates,ARE,"Central government debt, total (% of GDP)",GC.DOD.TOTL.GD.ZS,,,,,,,,,,,,,,,,,,,,,,,,,,,,,,,,,,,,,,,,,,,,,,,,,,,,,,
10,Argentina,ARG,"Central government debt, total (% of GDP)",GC.DOD.TOTL.GD.ZS,,,,,,,,,,,,,,,,,,,,,,,,,,,,,,,,,,,,,,,,,,,,,,,,,,,,,,
11,Armenia,ARM,"Central government debt, total (% of GDP)",GC.DOD.TOTL.GD.ZS,,,,,,,,,,,,,,,,,,,,,,,,,,,,,,,,,,,,,,,,,,,,,,,,,,,,,,
12,American Samoa,ASM,"Central government debt, total (% of GDP)",GC.DOD.TOTL.GD.ZS,,,,,,,,,,,,,,,,,,,,,,,,,,,,,,,,,,,,,,,,,,,,,,,,,,,,,,
13,Antigua and Barbuda,ATG,"Central government debt, total (% of GDP)",GC.DOD.TOTL.GD.ZS,,,,,,,,,,,,,,,,,,,,,,,,,,,,,,,,,,,,,,,,,,,,,,,,,,,,,,
14,Australia,AUS,"Central government debt, total (% of GDP)",GC.DOD.TOTL.GD.ZS,,,,,,,,,,,,,,,,,,,,,,,,,,,,,,,,,,,,,,,,31.128747653310345,29.5914910094141,27.436426564922716,25.287786293970484,24.635543224991608,22.588556489578668,22.533223006144944,21.637957872889437,20.25343224020854,18.270582941459875,23.99817487570055,29.250693534366334,30.581343967423795,40.54491200478981,
15,Austria,AUT,"Central government debt, total (% of GDP)",GC.DOD.TOTL.GD.ZS,,,,,,,,,,,,,,,,,,,,,,,,,,,,,,,,,,,,61.79830810079594,62.34351398608815,60.4593941827573,62.64658367294119,65.29199035052805,65.5875349430349,65.98755412459171,68.27037315253355,67.14337952684465,66.99132704690763,67.50136417526792,63.82512548706016,60.80195765722445,66.22842372011581,71.47998572730026,74.45526655922815,75.42741750887461,81.06933512114196,
16,Azerbaijan,AZE,"Central government debt, total (% of GDP)",GC.DOD.TOTL.GD.ZS,,,,,,,,,,,,,,,,,,,,,,,,,,,,,,,,,,,,,,,,,,,,,,,,,4.576537974746619,6.2950124011628725,6.385575791828564,,,
17,Burundi,BDI,"Central government debt, total (% of GDP)",GC.DOD.TOTL.GD.ZS,,,,,,,,,,,,,,,,,,,,,,,,,,,,,,,,88.79366487649717,103.99157990225847,117.63097942428571,117.01258991791596,128.91921905155675,144.0976814899278,134.2470828471412,151.27721139430287,162.56144049187526,,,,,,,,,,,,,,
18,Belgium,BEL,"Central government debt, total (% of GDP)",GC.DOD.TOTL.GD.ZS,,,,,,,,,,,,,,,,,,,,,,,,,,,,,,,,,,,,124.65293588615236,122.32174003420353,119.02959461472824,114.62055411586691,111.68552853560618,106.62253556820028,105.25745661135552,101.82362445089719,95.65878829796094,90.56130894959267,89.23998549936559,85.44126788968381,82.42209549900987,84.77791180079393,89.31059943816432,88.64993746328604,91.14392403143601,92.38689537371093,
19,Benin,BEN,"Central government debt, total (% of GDP)",GC.DOD.TOTL.GD.ZS,,,,,,,,,,,,,,,,,,,,,,,,,,,,,,,,,,,,,,,,,,,,,,,,,,,,,,
20,Burkina Faso,BFA,"Central government debt, total (% of GDP)",GC.DOD.TOTL.GD.ZS,,,,,,,,,,,,,,,,,,,,,,,,,,,,,,,,,,,,,,,,,,,,,,,,,,,,,,
21,Bangladesh,BGD,"Central government debt, total (% of GDP)",GC.DOD.TOTL.GD.ZS,,,,,,,,,,,,,,,,,,,,,,,,,,,,,,,,,,,,,,,,,,36.15116996336765,36.65516597669847,36.16054755454536,,,,,,,,,,
22,Bulgaria,BGR,"Central government debt, total (% of GDP)",GC.DOD.TOTL.GD.ZS,,,,,,,,,,,,,,,,,,,,,,,,,,,,,,,,,,,,,,,,,,,,,,,,,,13.821401013680223,14.938873257678068,15.446198957499568,17.96307560702939,
23,Bahrain,BHR,"Central government debt, total (% of GDP)",GC.DOD.TOTL.GD.ZS,,,,,,,,,,,,,,,,,,,,,,,,,,,,,,,,,,,,,,,,,,,,,,,,7.545452047004407,7.292634122050293,15.629400511792888,30.306785997603214,35.605154355188404,,
24,"Bahamas, The",BHS,"Central government debt, total (% of GDP)",GC.DOD.TOTL.GD.ZS,,,,,,,,,,,,,,,,,,,,,,,,,,,,,,,24.418825015792798,27.97670322323506,30.630427790286262,34.434023285899094,34.866523473458116,33.99825021872266,34.22277639235245,27.728200029066024,26.742721243054106,25.06988404597231,23.935006776712385,,,,,,29.957323928880076,29.68266843739317,32.484705910885026,39.44508095473133,43.114572646067415,45.13056958172819,47.92848303915424,
25,Bosnia and Herzegovina,BIH,"Central government debt, total (% of GDP)",GC.DOD.TOTL.GD.ZS,,,,,,,,,,,,,,,,,,,,,,,,,,,,,,,,,,,,,,,,,,,,,,,,,,,,,,
26,Belarus,BLR,"Central government debt, total (% of GDP)",GC.DOD.TOTL.GD.ZS,,,,,,,,,,,,,,,,,,,,,,,,,,,,,,,,,25.635478637101134,5.186132423984087,75.95485915967897,16.88011624133256,11.520116847860082,12.171465754854903,20.180539765019738,15.103118946240293,15.014451816330551,11.440616774974961,12.33668601247977,,,6.570220587670267,6.644401831783718,8.909260816361396,10.656634368537677,19.185184008714717,19.59371505667869,40.75485187831242,25.22436458111588,
27,Belize,BLZ,"Central government debt, total (% of GDP)",GC.DOD.TOTL.GD.ZS,,,,,,,,,,,,,,,,,,,,,,,,,,,,,,,28.063431664483492,28.643481722243276,32.96624220122404,35.33275376859713,37.17412037068204,36.31725182813277,38.839097748809486,,,,,,,,,,,,,81.90986178558087,80.08841616017162,76.77125587642713,74.53589825119236,
28,Bermuda,BMU,"Central government debt, total (% of GDP)",GC.DOD.TOTL.GD.ZS,,,,,,,,,,,,,,,,,,,,,,,,,,,,,,,,,,,,,,,,,,,,,,,,,,,,,,
29,Bolivia,BOL,"Central government debt, total (% of GDP)",GC.DOD.TOTL.GD.ZS,,,,,,,,,,,,,,,,,,,,,,,,,,,,,,,,,,,,,,,,,,,,,,,,,,,,,,
30,Brazil,BRA,"Central government debt, total (% of GDP)",GC.DOD.TOTL.GD.ZS,,,,,,,,,,,,,,,,,,,,,,,,,,,,,,,,,,,,,,,,,,,,,,,,,,,,,,
31,Barbados,BRB,"Central government debt, total (% of GDP)",GC.DOD.TOTL.GD.ZS,,,,,,,,,,,,,,,,,,,,,,,,,,,,,,,,,,,,,,,,,,,,,,,,69.20709140863013,74.93653836245335,84.47442201125712,96.7592100502966,,,
32,Brunei Darussalam,BRN,"Central government debt, total (% of GDP)",GC.DOD.TOTL.GD.ZS,,,,,,,,,,,,,,,,,,,,,,,,,,,,,,,,,,,,,,,,,,,,,,,,,,,,,,
33,Bhutan,BTN,"Central government debt, total (% of GDP)",GC.DOD.TOTL.GD.ZS,,,,,,,,,,,,,,,,,,,,,,,,,,,,,,,51.18801943546926,47.4653510852738,45.48048874336212,39.33242116983408,32.939201229039654,27.089881573544588,36.29984692985466,30.740874717401066,29.969266350148565,34.390741289726584,39.12590997918555,69.94740574303225,56.36896524497854,68.78928511897044,75.235948825463,79.5339170872722,74.88323692759766,62.79525428155721,60.41025500511471,56.776313683213274,,,,
34,Botswana,BWA,"Central government debt, total (% of GDP)",GC.DOD.TOTL.GD.ZS,,,,,,,,,,,,,,,,,,,,,,,,,,,,,,,11.371103249271519,12.116802057522817,12.532150573280445,12.445059938773914,12.042397635247406,10.972076070213967,11.156755549212221,,,,,,,,,,,,,,20.119743438925322,20.36475749426701,19.043138876449937,
35,Sub-Saharan Africa (IFC classification),CAA,"Central government debt, total (% of GDP)",GC.DOD.TOTL.GD.ZS,,,,,,,,,,,,,,,,,,,,,,,,,,,,,,,,,,,,,,,,,,,,,,,,,,,,,,
36,Central African Republic,CAF,"Central government debt, total (% of GDP)",GC.DOD.TOTL.GD.ZS,,,,,,,,,,,,,,,,,,,,,,,,,,,,,,,,,,,,,,,,,,,,,,,,,,,,,,
37,Canada,CAN,"Central government debt, total (% of GDP)",GC.DOD.TOTL.GD.ZS,,,,,,,,,,,,,,,,,,,,,,,,,,,,,,,,67.9492367430928,71.23867255843166,75.77458255404245,76.49367391149579,77.85513196338964,78.54329488200813,75.45508200795229,72.48289261580177,66.45419201573097,58.88763629542346,57.51238949906242,54.26716502335411,51.30054050838177,46.818874816972844,45.91680784853017,43.07877098804372,39.18500542818826,43.01131123577894,51.29415503568268,51.445220197539385,52.50972863237786,53.49772825551232,
38,East Asia and the Pacific (IFC classification),CEA,"Central government debt, total (% of GDP)",GC.DOD.TOTL.GD.ZS,,,,,,,,,,,,,,,,,,,,,,,,,,,,,,,,,,,,,,,,,,,,,,,,,,,,,,
39,Central Europe and the Baltics,CEB,"Central government debt, total (% of GDP)",GC.DOD.TOTL.GD.ZS,,,,,,,,,,,,,,,,,,,,,,,,,,,,,,,,,,,,,,,,,,,,,,,,,24.184168454304373,34.19228164209965,43.35403684567375,42.12534325263394,42.900624015282666,
40,Europe and Central Asia (IFC classification),CEU,"Central government debt, total (% of GDP)",GC.DOD.TOTL.GD.ZS,,,,,,,,,,,,,,,,,,,,,,,,,,,,,,,,,,,,,,,,,,,,,,,,,,,,,,
41,Switzerland,CHE,"Central government debt, total (% of GDP)",GC.DOD.TOTL.GD.ZS,,,,,,,,,,,,,,,,,,,,,,,,,,,,,,,,,,,,,,,,,,,34.44191239841372,33.6274667825641,38.13956145733178,40.52396485864846,35.70344608879215,30.30998457804117,27.566770588154498,25.855017543691154,25.200672899026948,25.64795126564722,,
42,Channel Islands,CHI,"Central government debt, total (% of GDP)",GC.DOD.TOTL.GD.ZS,,,,,,,,,,,,,,,,,,,,,,,,,,,,,,,,,,,,,,,,,,,,,,,,,,,,,,
43,Chile,CHL,"Central government debt, total (% of GDP)",GC.DOD.TOTL.GD.ZS,,,,,,,,,,,,,,,,,,,,,,,,,,,,,,,,,,,,,,,,,,,,,,,,,,,,,,
44,China,CHN,"Central government debt, total (% of GDP)",GC.DOD.TOTL.GD.ZS,,,,,,,,,,,,,,,,,,,,,,,,,,,,,,,,,,,,,,,,,,,,,,,,,,,,,,
45,Cote d'Ivoire,CIV,"Central government debt, total (% of GDP)",GC.DOD.TOTL.GD.ZS,,,,,,,,,,,,,,,,,,,,,,,,,,,,,,,,,,,,,,,,,,,,,,,,,,,,,,
46,Latin America and the Caribbean (IFC classification),CLA,"Central government debt, total (% of GDP)",GC.DOD.TOTL.GD.ZS,,,,,,,,,,,,,,,,,,,,,,,,,,,,,,,,,,,,,,,,,,,,,,,,,,,,,,
47,Middle East and North Africa (IFC classification),CME,"Central government debt, total (% of GDP)",GC.DOD.TOTL.GD.ZS,,,,,,,,,,,,,,,,,,,,,,,,,,,,,,,,,,,,,,,,,,,,,,,,,,,,,,
48,Cameroon,CMR,"Central government debt, total (% of GDP)",GC.DOD.TOTL.GD.ZS,,,,,,,,,,,,,,,,,,,,,,,,,,,,,,,35.668694800450524,48.86653419647121,58.64613734465427,62.009919270173405,131.4417698761486,127.2544222973868,,,97.49893065099208,91.66289880579068,,,,,,,,,,,,,,
49,"Congo, Rep.",COG,"Central government debt, total (% of GDP)",GC.DOD.TOTL.GD.ZS,,,,,,,,,,,,,,,,,,,,,,,,,,,,,,,,,,,,,,,,,,,,0.21391815139285364,,,,,,,,,,
50,Colombia,COL,"Central government debt, total (% of GDP)",GC.DOD.TOTL.GD.ZS,,,,,,,,,,,,,,,,,,,,,,,,,,,,,,,,,,,,,,,,,,,,52.53541953337899,,,,,64.76493635528561,68.57884045679455,72.3377931601471,62.77180937386069,65.33218707593912,
51,Comoros,COM,"Central government debt, total (% of GDP)",GC.DOD.TOTL.GD.ZS,,,,,,,,,,,,,,,,,,,,,,,,,,,,,,,,,,,,,,,,,,,,,,,,,,,,,,
52,Cabo Verde,CPV,"Central government debt, total (% of GDP)",GC.DOD.TOTL.GD.ZS,,,,,,,,,,,,,,,,,,,,,,,,,,,,,,,,,,,,,,,,,,,,,,,,,,,,,,
53,Costa Rica,CRI,"Central government debt, total (% of GDP)",GC.DOD.TOTL.GD.ZS,,,,,,,,,,,,,,,,,,,,,,,,,,,,,,,,,,,,,,,,,,,,,,,,,,,,,,
54,South Asia (IFC classification),CSA,"Central government debt, total (% of GDP)",GC.DOD.TOTL.GD.ZS,,,,,,,,,,,,,,,,,,,,,,,,,,,,,,,,,,,,,,,,,,,,,,,,,,,,,,
55,Caribbean small states,CSS,"Central government debt, total (% of GDP)",GC.DOD.TOTL.GD.ZS,,,,,,,,,,,,,,,,,,,,,,,,,,,,,,,,,,58.844246273986336,53.43804511473095,51.51228215799472,,,,,,,,127.43318170473543,122.02531909886945,121.05205337453778,67.26147445493929,64.47677076207785,120.43250126589894,,,,,
56,Cuba,CUB,"Central government debt, total (% of GDP)",GC.DOD.TOTL.GD.ZS,,,,,,,,,,,,,,,,,,,,,,,,,,,,,,,,,,,,,,,,,,,,,,,,,,,,,,
57,Curacao,CUW,"Central government debt, total (% of GDP)",GC.DOD.TOTL.GD.ZS,,,,,,,,,,,,,,,,,,,,,,,,,,,,,,,,,,,,,,,,,,,,,,,,,,,,,,
58,Cayman Islands,CYM,"Central government debt, total (% of GDP)",GC.DOD.TOTL.GD.ZS,,,,,,,,,,,,,,,,,,,,,,,,,,,,,,,,,,,,,,,,,,,,,,,,,,,,,,
59,Cyprus,CYP,"Central government debt, total (% of GDP)",GC.DOD.TOTL.GD.ZS,,,,,,,,,,,,,,,,,,,,,,,,,,,,,,,,,,,,,,,261.72871796194477,155.75745463869322,156.25022690535675,160.87807183668772,170.5201124786217,179.11164378586486,180.22660586755532,180.56620608165193,171.37567985038842,96.73563569649023,144.19372558698802,97.56739053463944,102.42496421414258,113.5760711488981,130.97115156713807,
60,Czech Republic,CZE,"Central government debt, total (% of GDP)",GC.DOD.TOTL.GD.ZS,,,,,,,,,,,,,,,,,,,,,,,,,,,,,,,,,,16.487819367576847,14.672023867098707,12.70783398840433,10.520301434795567,10.153565873212925,10.17878009277337,11.356695577478696,13.218868614505475,14.874434207576135,15.42556464773537,18.26772520587908,20.108378750035847,22.033461529574563,23.708054557076466,24.19331983280606,25.475163645463024,30.871787259253107,34.99728295277086,38.25376640491018,42.900624015282666,
61,Germany,DEU,"Central government debt, total (% of GDP)",GC.DOD.TOTL.GD.ZS,,,,,,,,,,,,,,,,,,,,,,,,,,,,,,,,,,,,36.15677576413308,38.06298666666667,38.88413677716198,39.936622952492726,40.22927707229277,39.51247863247863,38.05514058708787,39.27455210580621,41.03282887077997,43.03251810356606,44.72630821794642,43.48766152383422,40.75968704961911,43.14819306330342,47.634866481341085,55.488456913827655,55.138166213264874,56.91040354035404,
62,Djibouti,DJI,"Central government debt, total (% of GDP)",GC.DOD.TOTL.GD.ZS,,,,,,,,,,,,,,,,,,,,,,,,,,,,,,,,,,,,,,,,,,,,,,,,,,,,,,
63,Dominica,DMA,"Central government debt, total (% of GDP)",GC.DOD.TOTL.GD.ZS,,,,,,,,,,,,,,,,,,,,,,,,,,,,,,,,,,,,,,,,,,,,,,,,,,,,,,
64,Denmark,DNK,"Central government debt, total (% of GDP)",GC.DOD.TOTL.GD.ZS,,,,,,,,,,,,,,,,,,,,,,,,,,,,,,,,,,,,73.96260096415558,71.35217973460198,67.47684208375495,65.13047700485126,59.54528860551491,53.2543820804768,51.11548197791124,50.29004099110026,48.139237189697354,44.76980998240325,36.66619856761691,32.968592089401035,24.767764784717897,31.568854269338882,38.12973408057473,42.14718778035409,49.08367298759385,48.29692667872492,
65,Dominican Republic,DOM,"Central government debt, total (% of GDP)",GC.DOD.TOTL.GD.ZS,,,,,,,,,,,,,,,,,,,,,,,,,,,,,,,,,,,,,,,,,,,,,,,,,,,,,,
66,Algeria,DZA,"Central government debt, total (% of GDP)",GC.DOD.TOTL.GD.ZS,,,,,,,,,,,,,,,,,,,,,,,,,,,,,,,,,,,,,,,,,,,,,,,,,,,,,,
67,East Asia & Pacific (developing only),EAP,"Central government debt, total (% of GDP)",GC.DOD.TOTL.GD.ZS,,,,,,,,,,,,,,,,,,,,,,,,,,,,,,,,,,,,,,,,,,,,,,,,,,,,,,
68,East Asia & Pacific (all income levels),EAS,"Central government debt, total (% of GDP)",GC.DOD.TOTL.GD.ZS,,,,,,,,,,,,,,,,,,,,,,,,,,,,,,,,,,,,,,,,,,,,,,,,,,,,,,
69,Europe & Central Asia (developing only),ECA,"Central government debt, total (% of GDP)",GC.DOD.TOTL.GD.ZS,,,,,,,,,,,,,,,,,,,,,,,,,,,,,,,,,,,,,,,,,,,,,,,,,,,,,,
70,Europe & Central Asia (all income levels),ECS,"Central government debt, total (% of GDP)",GC.DOD.TOTL.GD.ZS,,,,,,,,,,,,,,,,,,,,,,,,,,,,,,,,,,,,,,61.375449165171744,62.61458304361934,60.260868385895094,55.79083793293951,51.112084314513815,48.56726974541246,50.1707539974301,46.543106807362506,42.51772232048601,42.40923057490538,39.05888321845188,38.206245802989294,42.16345421601424,48.687601614353206,47.43694274770891,52.78450740837016,
71,Ecuador,ECU,"Central government debt, total (% of GDP)",GC.DOD.TOTL.GD.ZS,,,,,,,,,,,,,,,,,,,,,,,,,,,,,,,,,,,,,,,,,,,,,,,,,,,,,,
72,"Egypt, Arab Rep.",EGY,"Central government debt, total (% of GDP)",GC.DOD.TOTL.GD.ZS,,,,,,,,,,,,,,,,,,,,,,,,,,,,,,,,,,,,,,,,,,,,,,,,85.78853383458647,,,,,,
73,Euro area,EMU,"Central government debt, total (% of GDP)",GC.DOD.TOTL.GD.ZS,,,,,,,,,,,,,,,,,,,,,,,,,,,,,,,,,,,,60.0965452467935,62.64367180309608,62.814824921227654,62.63058335828026,58.384183799687655,56.919701955444616,51.112084314513815,56.3035125469337,51.141955571397126,59.56756325960157,59.49390335263425,54.819788742019576,52.004394869593526,55.73348853874219,69.34714359012737,74.45526655922815,75.42741750887461,81.06933512114196,
74,Eritrea,ERI,"Central government debt, total (% of GDP)",GC.DOD.TOTL.GD.ZS,,,,,,,,,,,,,,,,,,,,,,,,,,,,,,,,,,,,,,,,,,,,,,,,,,,,,,
75,Spain,ESP,"Central government debt, total (% of GDP)",GC.DOD.TOTL.GD.ZS,,,,,,,,,,,,,,,,,,,,,,,,,,,,,,,,,,,,56.79136964379637,62.94382962010402,62.29150414758619,62.61458304361934,57.250363142659,54.661973910434405,50.35571879358669,48.56726974541246,43.68647217021972,41.70877243864808,38.57552749483668,34.12451156565846,30.20926525004249,34.4035786384847,46.95485884912895,48.687601614353206,56.09599102383863,67.57230061042729,
76,Estonia,EST,"Central government debt, total (% of GDP)",GC.DOD.TOTL.GD.ZS,,,,,,,,,,,,,,,,,,,,,,,,,,,,,,,,,,,,9.875827384703834,8.876647400469299,8.420581850493383,4.139266951696338,5.505295373048489,4.3020635805132486,4.095615555624665,4.817197751308017,5.233459350909364,5.473257560516287,5.864024828439597,5.535902971394464,4.8128732604207975,5.66674747042032,8.950785028296677,9.109930881139656,6.63957382001983,10.492025764096503,
77,Ethiopia,ETH,"Central government debt, total (% of GDP)",GC.DOD.TOTL.GD.ZS,,,,,,,,,,,,,,,,,,,,,,,,,,,,,,,49.25453727043511,51.83480955538595,45.208845458328,74.6545187673481,94.2297248595394,84.17078848786728,73.49594092708506,70.71661959111056,79.41634353209162,87.15051576213803,,,,,,,,,,,,,,
78,European Union,EUU,"Central government debt, total (% of GDP)",GC.DOD.TOTL.GD.ZS,,,,,,,,,,,,,,,,,,,,,,,,,,,,,,,,,,,,61.79830810079594,62.94382962010402,63.96152667809154,62.64658367294119,58.544370789490095,55.79083793293951,51.112084314513815,49.80399464508132,50.65635478441361,50.18693526607565,48.559637724694994,45.67950249252462,41.98325956579085,48.55991985105389,52.87959797241233,58.770968903650214,61.20582786897978,70.06859860650607,
79,Fragile and conflict affected situations,FCS,"Central government debt, total (% of GDP)",GC.DOD.TOTL.GD.ZS,,,,,,,,,,,,,,,,,,,,,,,,,,,,,,,,,,,,,,,,,,,,,,,,,,,,,,
80,Finland,FIN,"Central government debt, total (% of GDP)",GC.DOD.TOTL.GD.ZS,,,,,,,,,,,,,,,,,,,,,,,,,,,,,,,,,,,,77.34531145902731,82.62501134861951,80.08940212330043,77.05069835635466,66.40315236140974,56.919701955444616,51.112084314513815,48.400930064185566,50.1707539974301,48.23007105985578,44.11194887854207,41.33079962597653,37.366401601512536,33.352183982334246,43.321649508466905,49.198764575546654,47.936358241851394,52.78450740837016,
81,Fiji,FJI,"Central government debt, total (% of GDP)",GC.DOD.TOTL.GD.ZS,,,,,,,,,,,,,,,,,,,,,,,,,,,,,,,,36.841821743388834,33.68674803457412,36.552845528455286,36.637853614728336,,,,,,,,,,,,,,,,,,,
82,France,FRA,"Central government debt, total (% of GDP)",GC.DOD.TOTL.GD.ZS,,,,,,,,,,,,,,,,,,,,,,,,,,,,,,,,,,,,58.39478239279106,61.45643038782097,65.10822843495542,65.74806591610725,62.18647236545712,61.486795599399116,61.31395090085705,65.52339470343502,69.5247302951705,71.37716061328909,72.92401512601052,68.49415287570538,67.41680832156133,73.30098619125334,85.02722770570851,89.22162212400347,93.2236366779621,103.77007720978398,
83,Faeroe Islands,FRO,"Central government debt, total (% of GDP)",GC.DOD.TOTL.GD.ZS,,,,,,,,,,,,,,,,,,,,,,,,,,,,,,,,,,,,,,,,,,,,,,,,,,,,,,
84,"Micronesia, Fed. Sts.",FSM,"Central government debt, total (% of GDP)",GC.DOD.TOTL.GD.ZS,,,,,,,,,,,,,,,,,,,,,,,,,,,,,,,,,,,,,,,,,,,,,,,,,,,,,,
85,Gabon,GAB,"Central government debt, total (% of GDP)",GC.DOD.TOTL.GD.ZS,,,,,,,,,,,,,,,,,,,,,,,,,,,,,,,,,,,,,,,,,,,,,,,,,,,,,,
86,United Kingdom,GBR,"Central government debt, total (% of GDP)",GC.DOD.TOTL.GD.ZS,,,,,,,,,,,,,,,,,,,,,,,,,,,,,,,,,,,,49.90791232290832,49.72475358473595,51.04989236119325,51.89847030778766,47.16826711481346,44.905935233032025,40.23486719419384,40.610745608965615,41.12513103774932,43.4982621140871,45.632832919389415,45.544552988070244,46.44016446656568,56.45044354921447,71.73080355788477,85.15759466618202,99.55255160100901,103.21268724954523,
87,Georgia,GEO,"Central government debt, total (% of GDP)",GC.DOD.TOTL.GD.ZS,,,,,,,,,,,,,,,,,,,,,,,,,,,,,,,,,,,,,,43.40574746599468,56.904451346848475,71.93717986650732,69.93811394932314,66.66918280159635,64.95819657767245,53.80604948636516,43.836220764597165,40.923495762429944,27.95810025012647,22.68712596360069,27.017771450945194,34.611364394529076,36.799720182448546,32.45976156332308,32.53067760143385,
88,Ghana,GHA,"Central government debt, total (% of GDP)",GC.DOD.TOTL.GD.ZS,,,,,,,,,,,,,,,,,,,,,,,,,,,,,,,,,,,,,,,,,,,,,,,,,,,,,,
89,Guinea,GIN,"Central government debt, total (% of GDP)",GC.DOD.TOTL.GD.ZS,,,,,,,,,,,,,,,,,,,,,,,,,,,,,,,,,,,,,,,,,,,,,,,,,,,,,,
90,"Gambia, The",GMB,"Central government debt, total (% of GDP)",GC.DOD.TOTL.GD.ZS,,,,,,,,,,,,,,,,,,,,,,,,,,,,,,,,,,,,,,,,,,,,,,115.33612398731212,118.41417239345431,23.860838057948047,69.44844022416376,65.05604392149354,,,,
91,Guinea-Bissau,GNB,"Central government debt, total (% of GDP)",GC.DOD.TOTL.GD.ZS,,,,,,,,,,,,,,,,,,,,,,,,,,,,,,,,,,,,,,,,,,,,,,,,,,,,,,
92,Equatorial Guinea,GNQ,"Central government debt, total (% of GDP)",GC.DOD.TOTL.GD.ZS,,,,,,,,,,,,,,,,,,,,,,,,,,,,,,,,,,,,,,,,,,,,,,,,,,,,,,
93,Greece,GRC,"Central government debt, total (% of GDP)",GC.DOD.TOTL.GD.ZS,,,,,,,,,,,,,,,,,,,,,,,,,,,,,,,,,,,,110.3196792737766,113.08323498217409,109.72261355053465,107.88482474889558,109.86662099524416,125.04935898673719,127.85683978311681,128.87032581029715,124.30373570785815,128.06830070857018,125.39985557395023,128.46930941796253,125.60984288018643,121.26836545360062,136.90872117048085,129.24982353234756,108.29273577665732,164.28240734686085,
94,Grenada,GRD,"Central government debt, total (% of GDP)",GC.DOD.TOTL.GD.ZS,,,,,,,,,,,,,,,,,,,,,,,,,,,,,,,,,,,,,,,,,,,,,,,,,,,,,,
95,Greenland,GRL,"Central government debt, total (% of GDP)",GC.DOD.TOTL.GD.ZS,,,,,,,,,,,,,,,,,,,,,,,,,,,,,,,,,,,,,,,,,,,,,,,,,,,,,,
96,Guatemala,GTM,"Central government debt, total (% of GDP)",GC.DOD.TOTL.GD.ZS,,,,,,,,,,,,,,,,,,,,,,,,,,,,,,,24.480685142372447,17.751791307830622,15.83121931341516,13.622508120337407,13.161949040921893,11.404999017517039,11.241832874462945,11.345217673809467,11.280167844337061,13.470188592441682,16.98382301257535,19.94650892855928,18.39359952937354,20.71104392507416,21.785942141387242,21.262482013817046,21.87667646640367,21.635573947289906,20.053942336453495,23.01723628471399,24.419787362943847,24.162586830169193,24.311276515429807,
97,Guam,GUM,"Central government debt, total (% of GDP)",GC.DOD.TOTL.GD.ZS,,,,,,,,,,,,,,,,,,,,,,,,,,,,,,,,,,,,,,,,,,,,,,,,,,,,,,
98,Guyana,GUY,"Central government debt, total (% of GDP)",GC.DOD.TOTL.GD.ZS,,,,,,,,,,,,,,,,,,,,,,,,,,,,,,,,,,,,,,,,,,,,,,,,,,,,,,
99,High income,HIC,"Central government debt, total (% of GDP)",GC.DOD.TOTL.GD.ZS,,,,,,,,,,,,,,,,,,,,,,,,,,,,,,,,,,,,,,,,58.384183799687655,,50.35571879358669,48.56726974541246,48.69249449973808,44.85614255486923,44.72630821794642,43.48065862083368,39.18500542818826,43.01131123577894,47.634866481341085,50.07771080787337,55.138166213264874,67.57230061042729,
100,"Hong Kong SAR, China",HKG,"Central government debt, total (% of GDP)",GC.DOD.TOTL.GD.ZS,,,,,,,,,,,,,,,,,,,,,,,,,,,,,,,,,,,,,,,,,,,27.235476254893666,29.25710748017179,30.809773195469226,31.576878817385147,31.281251018557874,30.1115973529704,29.890359340949598,33.22197746565456,,,,
101,Honduras,HND,"Central government debt, total (% of GDP)",GC.DOD.TOTL.GD.ZS,,,,,,,,,,,,,,,,,,,,,,,,,,,,,,,,,,,,,,,,,,,,,,,,,,,,,,
102,Heavily indebted poor countries (HIPC),HPC,"Central government debt, total (% of GDP)",GC.DOD.TOTL.GD.ZS,,,,,,,,,,,,,,,,,,,,,,,,,,,,,,,,,,,,,,,,,,,,,,,,,,,,,,
103,Croatia,HRV,"Central government debt, total (% of GDP)",GC.DOD.TOTL.GD.ZS,,,,,,,,,,,,,,,,,,,,,,,,,,,,,,,,,,,,,,,,,,,,,,,,,,,,,,
104,Haiti,HTI,"Central government debt, total (% of GDP)",GC.DOD.TOTL.GD.ZS,,,,,,,,,,,,,,,,,,,,,,,,,,,,,,,,,,,,,,,,,,,,,,,,,,,,,,
105,Hungary,HUN,"Central government debt, total (% of GDP)",GC.DOD.TOTL.GD.ZS,,,,,,,,,,,,,,,,,,,,,,,,,,,,,,,,,,,,89.81031032874759,77.35321380877106,69.48221556647172,66.2660501450067,68.36338612178557,62.978779127311554,60.76898824396192,60.76334968221752,63.0428545644745,66.37002687343413,68.83512215734532,70.45937104686844,70.8427152262896,73.94739906340206,82.84219649745661,82.98512595617129,82.39975958402681,86.16983886376774,
106,Indonesia,IDN,"Central government debt, total (% of GDP)",GC.DOD.TOTL.GD.ZS,,,,,,,,,,,,,,,,,,,,,,,,,,,,,,,,34.97839236591998,37.37532020740066,36.023531039599746,36.3249190493226,30.093895294754187,23.907557690288836,71.83266217961966,53.7935773962142,44.61864106260667,,,32.22412653099894,29.71739683695463,56.60271487946217,47.33802828179392,38.99597055213654,35.166984518842476,33.07421822963764,28.373212604374952,,,,
107,Isle of Man,IMN,"Central government debt, total (% of GDP)",GC.DOD.TOTL.GD.ZS,,,,,,,,,,,,,,,,,,,,,,,,,,,,,,,,,,,,,,,,,,,,,,,,,,,,,,
108,India,IND,"Central government debt, total (% of GDP)",GC.DOD.TOTL.GD.ZS,,,,,,,,,,,,,,,,,,,,,,,,,,,,,,,49.90802016034448,49.14817212829583,48.82466642759493,50.86774404037578,48.73954061709792,46.673137588293,44.935280670365096,49.49740344962684,49.451982048618355,50.46789924165036,54.05626536055469,58.0007544191405,61.474693675307016,61.11822759847521,61.51420619532178,61.1946742152241,59.109937754398075,56.478071263374176,56.11267485550005,54.30595398752547,50.60012925146011,43.716909882425064,49.69080552172434,
109,Not classified,INX,"Central government debt, total (% of GDP)",GC.DOD.TOTL.GD.ZS,,,,,,,,,,,,,,,,,,,,,,,,,,,,,,,,,,,,,,,,,,,,,,,,,,,,,,
110,Ireland,IRL,"Central government debt, total (% of GDP)",GC.DOD.TOTL.GD.ZS,,,,,,,,,,,,,,,,,,,,,,,,,,,,,,,,,,,,,,,61.93483199630372,50.193210644535256,40.14357322690481,37.151143674429136,35.48150161040528,34.171912242279234,32.73257229283353,33.004767592764054,29.173511693008553,28.667498743349828,48.55991985105389,69.34714359012737,87.31805521095332,102.87409113929907,126.93619378281475,
111,"Iran, Islamic Rep.",IRN,"Central government debt, total (% of GDP)",GC.DOD.TOTL.GD.ZS,,,,,,,,,,,,,,,,,,,,,,,,,,,,,,,,,,,,,,,,,,,,,,,,,,,,,,
112,Iraq,IRQ,"Central government debt, total (% of GDP)",GC.DOD.TOTL.GD.ZS,,,,,,,,,,,,,,,,,,,,,,,,,,,,,,,,,,,,,,,,,,,,,,,,,,,,,,
113,Iceland,ISL,"Central government debt, total (% of GDP)",GC.DOD.TOTL.GD.ZS,,,,,,,,,,,,,,,,,,,,,,,,,,,,,,,,,,,,,,69.81859868590973,64.79173428411048,60.777922701105766,60.45752290751185,62.65728900392542,58.89837899876904,56.72484828671772,50.37053189673237,39.41349360784144,44.35930683740269,42.95180555716247,82.90810195207317,105.31758622662453,111.5414615148781,118.03839036361501,117.54967076263969,
114,Israel,ISR,"Central government debt, total (% of GDP)",GC.DOD.TOTL.GD.ZS,,,,,,,,,,,,,,,,,,,,,,,,,,,,,,,,,,,,,,,,,,,,,,,,,,,,,,
115,Italy,ITA,"Central government debt, total (% of GDP)",GC.DOD.TOTL.GD.ZS,,,,,,,,,,,,,,,,,,,,,,,,,,,,,,,,,,,,121.12020952651379,127.47879890466297,128.74505456633014,130.63242672201935,123.78527032867947,118.66767478034046,117.85165266192017,115.17989750744194,110.81436988915172,110.63529275895043,112.7992122075715,109.08350382222444,104.2507774418578,107.19071625030764,121.27544403831286,119.8619917731103,112.9595903808398,131.0834014368679,
116,Jamaica,JAM,"Central government debt, total (% of GDP)",GC.DOD.TOTL.GD.ZS,,,,,,,,,,,,,,,,,,,,,,,,,,,,,,,,,,,,,,,,,,,,127.43318170473543,122.02531909886945,121.05205337453778,117.7197448005601,113.02559544046274,120.43250126589894,,,,,
117,Jordan,JOR,"Central government debt, total (% of GDP)",GC.DOD.TOTL.GD.ZS,,,,,,,,,,,,,,,,,,,,,,,,,,,,,,,128.7995990372484,129.99966193373902,152.59088961294353,125.61325413422489,116.41901628734306,105.06523663896776,106.22109932110394,100.40531832069803,101.19368973379311,99.93571484711032,93.74272505286925,90.85083042660656,85.09264575449886,88.9387065065358,89.05454337424442,79.98870463790053,72.62512874603576,69.95882065500663,56.78488001721325,61.01055137682743,61.3734576487296,61.85468869335864,66.82352784146059,
118,Japan,JPN,"Central government debt, total (% of GDP)",GC.DOD.TOTL.GD.ZS,,,,,,,,,,,,,,,,,,,,,,,,,,,,,,,,,,,,,,,,,,,,,,144.31211959444576,145.15061566608182,144.08218954834464,153.07640939623425,166.81153554144458,174.75088332043904,189.52739890535076,196.5442610037505,
119,Kazakhstan,KAZ,"Central government debt, total (% of GDP)",GC.DOD.TOTL.GD.ZS,,,,,,,,,,,,,,,,,,,,,,,,,,,,,,,,,,,,,,12.183710419417006,16.826581763246036,26.62626527537443,21.6181598180485,17.656856672903373,15.356287526872034,13.217592470627498,,,,,,,,,,
120,Kenya,KEN,"Central government debt, total (% of GDP)",GC.DOD.TOTL.GD.ZS,,,,,,,,,,,,,,,,,,,,,,,,,,,,,,,,,,,,,,,52.80179481109843,52.64411229813343,,,,,,,,,,,,,,
121,Kyrgyz Republic,KGZ,"Central government debt, total (% of GDP)",GC.DOD.TOTL.GD.ZS,,,,,,,,,,,,,,,,,,,,,,,,,,,,,,,,,,,,45.60516813150739,71.43418820221117,73.9064124331529,111.21691914315971,132.7338177537713,114.53439241023618,99.33097195171304,,,,,,,,,,,,
122,Cambodia,KHM,"Central government debt, total (% of GDP)",GC.DOD.TOTL.GD.ZS,,,,,,,,,,,,,,,,,,,,,,,,,,,,,,,,,,,,,,,,,,,,,,,,,,,,,,
123,Kiribati,KIR,"Central government debt, total (% of GDP)",GC.DOD.TOTL.GD.ZS,,,,,,,,,,,,,,,,,,,,,,,,,,,,,,,,,,,,,,,,,,,,,,,,,,,,,,
124,St. Kitts and Nevis,KNA,"Central government debt, total (% of GDP)",GC.DOD.TOTL.GD.ZS,,,,,,,,,,,,,,,,,,,,,,,,,,,,,,,,,,,,,,,,,,,,,,,,,,,,,,
125,"Korea, Rep.",KOR,"Central government debt, total (% of GDP)",GC.DOD.TOTL.GD.ZS,,,,,,,,,,,,,,,,,,,,,,,,,,,,,,,7.406481204447561,10.191202501988016,9.977212517108597,9.21692089111523,8.266541562394265,7.310484774826545,6.939824978878928,8.823408054255191,,,,,,,,,,,,,,,,
126,Kosovo,KSV,"Central government debt, total (% of GDP)",GC.DOD.TOTL.GD.ZS,,,,,,,,,,,,,,,,,,,,,,,,,,,,,,,,,,,,,,,,,,,,,,,,,,,,,,
127,Kuwait,KWT,"Central government debt, total (% of GDP)",GC.DOD.TOTL.GD.ZS,,,,,,,,,,,,,,,,,,,,,,,,,,,,,,,,,,,,,,,,,,,,,,,,,,,,,,
128,Latin America & Caribbean (developing only),LAC,"Central government debt, total (% of GDP)",GC.DOD.TOTL.GD.ZS,,,,,,,,,,,,,,,,,,,,,,,,,,,,,,,,,,,,,,,,,,,,,,,,,,,,,,
129,Lao PDR,LAO,"Central government debt, total (% of GDP)",GC.DOD.TOTL.GD.ZS,,,,,,,,,,,,,,,,,,,,,,,,,,,,,,,,,,,,,,,,,,,,,,,,,,,,,,
130,Lebanon,LBN,"Central government debt, total (% of GDP)",GC.DOD.TOTL.GD.ZS,,,,,,,,,,,,,,,,,,,,,,,,,,,,,,,,,,,,,,,,,,,,,,,,,,,,,,
131,Liberia,LBR,"Central government debt, total (% of GDP)",GC.DOD.TOTL.GD.ZS,,,,,,,,,,,,,,,,,,,,,,,,,,,,,,,,,,,,,,,,,,,,,,,,,,,,33.887087213830306,32.71373328807542,
132,Libya,LBY,"Central government debt, total (% of GDP)",GC.DOD.TOTL.GD.ZS,,,,,,,,,,,,,,,,,,,,,,,,,,,,,,,,,,,,,,,,,,,,,,,,,,,,,,
133,St. Lucia,LCA,"Central government debt, total (% of GDP)",GC.DOD.TOTL.GD.ZS,,,,,,,,,,,,,,,,,,,,,,,,,,,,,,,,,,,,,,,,,,,,,,,,,,,,,,
134,Latin America & Caribbean (all income levels),LCN,"Central government debt, total (% of GDP)",GC.DOD.TOTL.GD.ZS,,,,,,,,,,,,,,,,,,,,,,,,,,,,,,,,,,,,,,,,,,,,,,,,,,,,,,
135,Latin America and the Caribbean,LCR,"Central government debt, total (% of GDP)",GC.DOD.TOTL.GD.ZS,,,,,,,,,,,,,,,,,,,,,,,,,,,,,,,,,,,,,,,,,,,,,,,,,,,,,,
136,Least developed countries: UN classification,LDC,"Central government debt, total (% of GDP)",GC.DOD.TOTL.GD.ZS,,,,,,,,,,,,,,,,,,,,,,,,,,,,,,,,,,,,,,,,,,,,,,,,,,,,,,
137,Low income,LIC,"Central government debt, total (% of GDP)",GC.DOD.TOTL.GD.ZS,,,,,,,,,,,,,,,,,,,,,,,,,,,,,,,,,,,,,,,,,,,,,,,,,,,,,,
138,Liechtenstein,LIE,"Central government debt, total (% of GDP)",GC.DOD.TOTL.GD.ZS,,,,,,,,,,,,,,,,,,,,,,,,,,,,,,,,,,,,,,,,,,,,,,,,,,,,,,
139,Sri Lanka,LKA,"Central government debt, total (% of GDP)",GC.DOD.TOTL.GD.ZS,,,,,,,,,,,,,,,,,,,,,,,,,,,,,,,96.58062551276633,98.48339577542333,95.36191195039538,96.79781409826549,94.85532323462571,94.64982059744943,92.343984335944,86.10583495175077,89.19582391113434,95.10806861706168,96.90405564520952,103.21930805169531,102.03216675417488,102.27071202347587,102.32853669886902,90.60491311498535,88.69948412212287,84.99441694833413,,,81.92647745295234,78.45207771659403,79.17225370433462,
140,Lower middle income,LMC,"Central government debt, total (% of GDP)",GC.DOD.TOTL.GD.ZS,,,,,,,,,,,,,,,,,,,,,,,,,,,,,,,,,,,,,,,,,,,,,,,,,,,,,,
141,Low & middle income,LMY,"Central government debt, total (% of GDP)",GC.DOD.TOTL.GD.ZS,,,,,,,,,,,,,,,,,,,,,,,,,,,,,,,,,,,,,,,,,,,,,,,,,,,,,,
142,Lesotho,LSO,"Central government debt, total (% of GDP)",GC.DOD.TOTL.GD.ZS,,,,,,,,,,,,,,,,,,,,,,,,,,,,,,,88.02696948190206,,,,,,68.67730900798176,68.7253912165573,73.61810154525386,,,,,,,,,,,,,,,
143,Lithuania,LTU,"Central government debt, total (% of GDP)",GC.DOD.TOTL.GD.ZS,,,,,,,,,,,,,,,,,,,,,,,,,,,,,,,,,,,,,,,,,,,,,23.37284561818756,21.369573302396322,20.999169009865593,19.87988134076423,18.35738598530598,34.19228164209965,43.35403684567375,43.5361883389944,49.43214340038704,
144,Luxembourg,LUX,"Central government debt, total (% of GDP)",GC.DOD.TOTL.GD.ZS,,,,,,,,,,,,,,,,,,,,,,,,,,,,,,,,,,,,,,,,,,4.8816229482229945,4.7022034225743905,3.8505472627564146,4.057184427352438,3.610248558947026,4.354397494070224,4.590234826965528,12.384775142099569,13.488504243963717,17.541857735018905,17.19864078632547,20.45470252021408,
145,Latvia,LVA,"Central government debt, total (% of GDP)",GC.DOD.TOTL.GD.ZS,,,,,,,,,,,,,,,,,,,,,,,,,,,,,,,,,,,11.190697674418605,14.589744583543274,13.267449042618901,10.997502034859243,9.547003510210358,11.974197445066874,12.016824269653084,13.658105589681343,,,,,,,22.893173263145723,42.16345421601424,49.88284723500866,42.12534325263394,41.081882498485804,
146,"Macao SAR, China",MAC,"Central government debt, total (% of GDP)",GC.DOD.TOTL.GD.ZS,,,,,,,,,,,,,,,,,,,,,,,,,,,,,,,,,,,,,,,,,,,,,,,,,,,,,,
147,St. Martin (French part),MAF,"Central government debt, total (% of GDP)",GC.DOD.TOTL.GD.ZS,,,,,,,,,,,,,,,,,,,,,,,,,,,,,,,,,,,,,,,,,,,,,,,,,,,,,,
148,Morocco,MAR,"Central government debt, total (% of GDP)",GC.DOD.TOTL.GD.ZS,,,,,,,,,,,,,,,,,,,,,,,,,,,,,,,,,,,,,,,,,,,56.464373431277025,,,,57.3110658463585,53.520626235286095,47.29756998329082,48.54352999321455,52.33609631022825,56.83854489183374,59.61065917705203,
149,Mexico and Central America,MCA,"Central government debt, total (% of GDP)",GC.DOD.TOTL.GD.ZS,,,,,,,,,,,,,,,,,,,,,,,,,,,,,,,,,,,,,,,,,,,,,,,,,,,,,,
150,Monaco,MCO,"Central government debt, total (% of GDP)",GC.DOD.TOTL.GD.ZS,,,,,,,,,,,,,,,,,,,,,,,,,,,,,,,,,,,,,,,,,,,,,,,,,,,,,,
151,Moldova,MDA,"Central government debt, total (% of GDP)",GC.DOD.TOTL.GD.ZS,,,,,,,,,,,,,,,,,,,,,,,,,,,,,,,,,,,,37.628748987835834,40.1229862306516,48.087178762707985,85.82478617916652,77.8983143065465,73.01938818850392,60.7753291163718,59.5592506390136,52.53391896090933,51.954657401617155,32.42521639496834,29.17905195709728,23.23975238356303,18.442649493110824,27.632226436349626,26.322981469107376,23.709055866975827,24.32590570452361,
152,Madagascar,MDG,"Central government debt, total (% of GDP)",GC.DOD.TOTL.GD.ZS,,,,,,,,,,,,,,,,,,,,,,,,,,,,,,,,,,,,,,,,,111.87946139334524,96.76816199936468,,,,,,,,,,,,
153,Maldives,MDV,"Central government debt, total (% of GDP)",GC.DOD.TOTL.GD.ZS,,,,,,,,,,,,,,,,,,,,,,,,,,,,,,,30.7823377634974,35.573469550642514,41.615463814806205,45.55156112888159,44.21170024486629,47.35205809075616,43.035276362950384,39.670387659312404,40.98673577204931,40.12629819042752,40.864410096445695,33.86717437562997,36.380758167027885,33.61981493123574,31.107478757935077,39.76883198450217,35.701761750832965,35.361984490682474,36.43882660906666,54.58799560840478,66.5633287683699,73.49319275582573,,
154,Middle East & North Africa (all income levels),MEA,"Central government debt, total (% of GDP)",GC.DOD.TOTL.GD.ZS,,,,,,,,,,,,,,,,,,,,,,,,,,,,,,,,,,,,,,,,,,,,,,,,,,,,,,
155,Mexico,MEX,"Central government debt, total (% of GDP)",GC.DOD.TOTL.GD.ZS,,,,,,,,,,,,,,,,,,,,,,,,,,,,,,,46.368405980674595,38.05888471570361,28.112091105245067,20.244670147360765,28.182835036104226,33.99552444354657,26.025443877389385,21.502457925510424,23.32884208654406,21.21942887665512,19.74615448409532,,,,,,,,,,,,,
156,Marshall Islands,MHL,"Central government debt, total (% of GDP)",GC.DOD.TOTL.GD.ZS,,,,,,,,,,,,,,,,,,,,,,,,,,,,,,,,,,,,,,,,,,,,,,,,,,,,,,
157,Middle income,MIC,"Central government debt, total (% of GDP)",GC.DOD.TOTL.GD.ZS,,,,,,,,,,,,,,,,,,,,,,,,,,,,,,,,,,,,,,,,,,,,,,,,,,,,,,
158,"Macedonia, FYR",MKD,"Central government debt, total (% of GDP)",GC.DOD.TOTL.GD.ZS,,,,,,,,,,,,,,,,,,,,,,,,,,,,,,,,,,,,,,,,,,,,,,,,,,,,,,
159,Mali,MLI,"Central government debt, total (% of GDP)",GC.DOD.TOTL.GD.ZS,,,,,,,,,,,,,,,,,,,,,,,,,,,,,,,,,,,,,,,,,,,,,,,,,,,,,,
160,Malta,MLT,"Central government debt, total (% of GDP)",GC.DOD.TOTL.GD.ZS,,,,,,,,,,,,,,,,,,,,,,,,,,,,,,,,,,,,,,,,,,,,185.1302221623887,192.85270283192096,193.51222526123053,178.2882862401767,170.91413253884537,75.8456973999738,81.93561319800594,82.94168669029577,84.12915394262036,87.32626825906821,
161,Myanmar,MMR,"Central government debt, total (% of GDP)",GC.DOD.TOTL.GD.ZS,,,,,,,,,,,,,,,,,,,,,,,,,,,,,,,,,,,,,,,,,,,,,,,,,,,,,,
162,Middle East & North Africa (developing only),MNA,"Central government debt, total (% of GDP)",GC.DOD.TOTL.GD.ZS,,,,,,,,,,,,,,,,,,,,,,,,,,,,,,,,,,,,,,,,,,,,,,,,,,,,,,
163,Montenegro,MNE,"Central government debt, total (% of GDP)",GC.DOD.TOTL.GD.ZS,,,,,,,,,,,,,,,,,,,,,,,,,,,,,,,,,,,,,,,,,,,,,,,,,,,,,,
164,Mongolia,MNG,"Central government debt, total (% of GDP)",GC.DOD.TOTL.GD.ZS,,,,,,,,,,,,,,,,,,,,,,,,,,,,,,,,,20.621673400170142,41.44153010283668,51.43452983513694,37.071282679302904,49.479632032979936,54.62757869387511,71.57533404605434,83.91449769287192,78.41832771130031,69.0997980938093,,95.72553134244299,,,50.49447761882335,43.51401238714686,,59.507115138423885,,,,
165,Northern Mariana Islands,MNP,"Central government debt, total (% of GDP)",GC.DOD.TOTL.GD.ZS,,,,,,,,,,,,,,,,,,,,,,,,,,,,,,,,,,,,,,,,,,,,,,,,,,,,,,
166,Mozambique,MOZ,"Central government debt, total (% of GDP)",GC.DOD.TOTL.GD.ZS,,,,,,,,,,,,,,,,,,,,,,,,,,,,,,,,,,,,,,,,,,,,,,,,,,,,,,
167,Mauritania,MRT,"Central government debt, total (% of GDP)",GC.DOD.TOTL.GD.ZS,,,,,,,,,,,,,,,,,,,,,,,,,,,,,,,,,,,,,,,,,,,,,,,,,,,,,,
168,Mauritius,MUS,"Central government debt, total (% of GDP)",GC.DOD.TOTL.GD.ZS,,,,,,,,,,,,,,,,,,,,,,,,,,,,,,,,,,,,,,,,,,,,,,,,,,37.77375209842963,37.86748804203588,36.360123958626794,37.23197822204901,
169,Malawi,MWI,"Central government debt, total (% of GDP)",GC.DOD.TOTL.GD.ZS,,,,,,,,,,,,,,,,,,,,,,,,,,,,,,,,,,,,,,,,,,,,,,,,,,,,,,
170,Malaysia,MYS,"Central government debt, total (% of GDP)",GC.DOD.TOTL.GD.ZS,,,,,,,,,,,,,,,,,,,,,,,,,,,,,,,79.53728585824655,73.31986412379831,64.37687064897833,55.69215937930113,47.619729767063504,41.06988744651012,,,,,,,43.04733920822101,45.07664129866346,45.69654191866241,42.067559761432584,40.58839613662565,40.088125770282865,39.79975452887727,50.83574559834582,51.058253012879284,51.57164581578486,53.29337881957466,
171,North America,NAC,"Central government debt, total (% of GDP)",GC.DOD.TOTL.GD.ZS,,,,,,,,,,,,,,,,,,,,,,,,,,,,,,,,67.9492367430928,71.23867255843166,75.77458255404245,76.49367391149579,77.85513196338964,78.54329488200813,75.45508200795229,72.48289261580177,66.45419201573097,58.88763629542346,54.744637428796736,53.87854161989002,53.631021109804934,51.59710540555411,51.09958326968409,49.18282353297437,47.40339061006314,53.516891801934634,63.80624078017497,68.51524027733277,71.28022836104594,73.65245055032119,
172,Namibia,NAM,"Central government debt, total (% of GDP)",GC.DOD.TOTL.GD.ZS,,,,,,,,,,,,,,,,,,,,,,,,,,,,,,,,,,,,,,,,,,,,,,,,,17.346436306110352,24.27348885213695,32.5413370689766,35.415447193788054,,
173,New Caledonia,NCL,"Central government debt, total (% of GDP)",GC.DOD.TOTL.GD.ZS,,,,,,,,,,,,,,,,,,,,,,,,,,,,,,,,,,,,,,,,,,,,,,,,,,,,,,
174,Niger,NER,"Central government debt, total (% of GDP)",GC.DOD.TOTL.GD.ZS,,,,,,,,,,,,,,,,,,,,,,,,,,,,,,,,,,,,,,,,,,,,,,,,,,,,,,
175,Nigeria,NGA,"Central government debt, total (% of GDP)",GC.DOD.TOTL.GD.ZS,,,,,,,,,,,,,,,,,,,,,,,,,,,,,,,,,,,,,,,,,,,,66.43297198795058,53.630403634516846,28.645450929542438,11.784207170706312,12.40490450680443,11.528772897659886,15.130731817237228,9.5194713225318,10.188221564508904,10.495582030681115,
176,Nicaragua,NIC,"Central government debt, total (% of GDP)",GC.DOD.TOTL.GD.ZS,,,,,,,,,,,,,,,,,,,,,,,,,,,,,,,,,,,,,,,,,,,,,,,,,,,,,,
177,Netherlands,NLD,"Central government debt, total (% of GDP)",GC.DOD.TOTL.GD.ZS,,,,,,,,,,,,,,,,,,,,,,,,,,,,,,,,,,,,72.26635567596253,71.59481478006599,67.3597536210287,66.64523925134634,58.223996809885215,52.0664656904967,48.30154713432842,49.31794829906237,51.141955571397126,52.14379947229551,51.486442530000566,45.81445199697899,43.206832081962595,55.73348853874219,58.12432946348356,62.05348089347278,66.31566471412093,72.56489660258485,
178,High income: nonOECD,NOC,"Central government debt, total (% of GDP)",GC.DOD.TOTL.GD.ZS,,,,,,,,,,,,,,,,,,,,,,,,,,,,,,,,,,,,,,,,,,,,,,,26.140210014211732,19.87988134076423,22.893173263145723,34.19228164209965,,,,
179,Norway,NOR,"Central government debt, total (% of GDP)",GC.DOD.TOTL.GD.ZS,,,,,,,,,,,,,,,,,,,,,,,,,,,,,,,,,,,,,,,,,23.470979083768892,19.924691925951617,28.589832194201293,36.896346629602675,38.95688756124444,35.9132414147277,48.950729571382254,45.72448074851124,44.28855813124972,35.969995760453,35.770630901014286,20.584343349886215,20.856509142212033,
180,Nepal,NPL,"Central government debt, total (% of GDP)",GC.DOD.TOTL.GD.ZS,,,,,,,,,,,,,,,,,,,,,,,,,,,,,,,52.62058095459117,64.91143044078804,61.656922988270914,63.681538233854354,66.54121000441607,66.1836432074826,65.19788038390924,59.88242969131555,66.35144343432665,64.06810978961279,64.5733198414706,58.989080877606625,63.93546098210224,62.58819537981151,59.41566728582634,51.76462304805467,49.68696803468667,42.978661137880295,43.79998724955803,,33.86252123201881,,,
181,New Zealand,NZL,"Central government debt, total (% of GDP)",GC.DOD.TOTL.GD.ZS,,,,,,,,,,,,,,,,,,,,,,,,,,,,,,,,,,,,,,,,,,,33.077846045883135,48.69249449973808,44.25925478650834,44.53143106414048,43.47365571783314,37.49375312343828,36.83461919744839,48.135489057864085,50.27257438073809,64.2805811668979,68.99908373976442,
182,High income: OECD,OEC,"Central government debt, total (% of GDP)",GC.DOD.TOTL.GD.ZS,,,,,,,,,,,,,,,,,,,,,,,,,,,,,,,,,,,,61.79830810079594,62.94382962010402,63.96152667809154,63.888530338896224,58.544370789490095,54.661973910434405,51.112084314513815,48.56726974541246,48.69249449973808,44.85614255486923,45.17957056866791,44.516107255952235,40.755525942505166,43.71837559727657,49.71482204677338,53.46683855568352,60.18828609536827,68.99908373976442,
183,OECD members,OED,"Central government debt, total (% of GDP)",GC.DOD.TOTL.GD.ZS,,,,,,,,,,,,,,,,,,,,,,,,,,,,,,,,,,,,61.79830810079594,62.94382962010402,63.96152667809154,63.888530338896224,58.544370789490095,54.661973910434405,51.113783146212526,48.94260902223742,49.431624248584086,45.83750868592104,45.632832919389415,45.544552988070244,40.75968704961911,44.12145076195944,52.65538710404789,53.46683855568352,60.18828609536827,68.99908373976442,
184,Oman,OMN,"Central government debt, total (% of GDP)",GC.DOD.TOTL.GD.ZS,,,,,,,,,,,,,,,,,,,,,,,,,,,,,,,19.579781432927508,27.173913037246855,30.211574999389473,27.30868513574693,29.44658061365605,27.410450125859278,25.98267024906865,23.75564493533303,28.750923850819156,26.67802550467455,,,,15.753953881443922,13.904290081163698,8.566860220483044,7.968341459967493,6.212525603624853,4.130844322657989,5.6325271976452065,5.024410089503661,,,
185,Other small states,OSS,"Central government debt, total (% of GDP)",GC.DOD.TOTL.GD.ZS,,,,,,,,,,,,,,,,,,,,,,,,,,,,,,,,,,,,,,,,,,,,,,,,,,,,,,
186,Pakistan,PAK,"Central government debt, total (% of GDP)",GC.DOD.TOTL.GD.ZS,,,,,,,,,,,,,,,,,,,,,,,,,,,,,,,78.77253319636597,76.38090573252919,74.91080348223205,79.41856251983246,,,,,79.08469198433257,,,,,,,,,,,,,,,
187,Panama,PAN,"Central government debt, total (% of GDP)",GC.DOD.TOTL.GD.ZS,,,,,,,,,,,,,,,,,,,,,,,,,,,,,,,,,,,,,,,,,,,,,,,,,,,,,,
188,Peru,PER,"Central government debt, total (% of GDP)",GC.DOD.TOTL.GD.ZS,,,,,,,,,,,,,,,,,,,,,,,,,,,,,,,199.84547034962335,82.33184916663383,84.30285593993403,74.27660543494763,58.34924427472774,,,,,,,,,,,,32.99055151779359,28.52872915479136,25.89739253203257,26.319724786753042,23.519664206061332,20.861113727591018,19.21600238182015,
189,Philippines,PHL,"Central government debt, total (% of GDP)",GC.DOD.TOTL.GD.ZS,,,,,,,,,,,,,,,,,,,,,,,,,,,,,,,51.30170983729671,49.69811964798387,52.77313088070888,67.1312896883395,56.416501076239335,61.06374193250509,53.18961730669886,55.653771330544686,60.12526816449234,54.51869396073701,49.581059499307614,55.716654414102415,62.76996946897967,67.74914485270233,73.94496555410512,,,,,,,,51.46391320432267,
190,Palau,PLW,"Central government debt, total (% of GDP)",GC.DOD.TOTL.GD.ZS,,,,,,,,,,,,,,,,,,,,,,,,,,,,,,,,,,,,,,,,,,,,,,,,,,,,,,
191,Papua New Guinea,PNG,"Central government debt, total (% of GDP)",GC.DOD.TOTL.GD.ZS,,,,,,,,,,,,,,,,,,,,,,,,,,,,,,,48.95325401469346,46.61082760150877,44.8643144683874,44.32619013375521,53.54501564110446,53.66200138828353,55.64336909650168,62.404655630261594,66.35014608642165,63.53730092204526,57.741531255777645,68.26755672691246,69.73446012612071,,,,,,,,,,,
192,Poland,POL,"Central government debt, total (% of GDP)",GC.DOD.TOTL.GD.ZS,,,,,,,,,,,,,,,,,,,,,,,,,,,,,,,,,,,,,,,,,,32.96342570975571,41.37856830138836,,,,,,,,,,,
193,Puerto Rico,PRI,"Central government debt, total (% of GDP)",GC.DOD.TOTL.GD.ZS,,,,,,,,,,,,,,,,,,,,,,,,,,,,,,,,,,,,,,,,,,,,,,,,,,,,,,
194,"Korea, Dem. Rep.",PRK,"Central government debt, total (% of GDP)",GC.DOD.TOTL.GD.ZS,,,,,,,,,,,,,,,,,,,,,,,,,,,,,,,,,,,,,,,,,,,,,,,,,,,,,,
195,Portugal,PRT,"Central government debt, total (% of GDP)",GC.DOD.TOTL.GD.ZS,,,,,,,,,,,,,,,,,,,,,,,,,,,,,,,,,,,,,,62.814824921227654,61.078716937029164,58.544370789490095,58.09820220253557,58.957419103435605,63.289076794805034,64.93148126076433,67.38991712013394,70.31941022384969,69.35867866419156,67.5100224900661,78.94229723734483,91.53791746474795,95.16328578990452,92.8115975227639,126.15437587897331,
196,Paraguay,PRY,"Central government debt, total (% of GDP)",GC.DOD.TOTL.GD.ZS,,,,,,,,,,,,,,,,,,,,,,,,,,,,,,,,,,,,,,,,,,,,,,,,,,,,,,
197,Pacific island small states,PSS,"Central government debt, total (% of GDP)",GC.DOD.TOTL.GD.ZS,,,,,,,,,,,,,,,,,,,,,,,,,,,,,,,,,,,,,,,,,,,,,,,,,,,,,,
198,French Polynesia,PYF,"Central government debt, total (% of GDP)",GC.DOD.TOTL.GD.ZS,,,,,,,,,,,,,,,,,,,,,,,,,,,,,,,,,,,,,,,,,,,,,,,,,,,,,,
199,Qatar,QAT,"Central government debt, total (% of GDP)",GC.DOD.TOTL.GD.ZS,,,,,,,,,,,,,,,,,,,,,,,,,,,,,,,,,,,,,,,,,,,,,,,,,,,,,,
200,Romania,ROU,"Central government debt, total (% of GDP)",GC.DOD.TOTL.GD.ZS,,,,,,,,,,,,,,,,,,,,,,,,,,,,,,,,,,,,,,,,,,,,,,,,,,,,,,
201,Russian Federation,RUS,"Central government debt, total (% of GDP)",GC.DOD.TOTL.GD.ZS,,,,,,,,,,,,,,,,,,,,,,,,,,,,,,,,,,,,,,,,,,48.98351894091865,41.39586039399603,,,16.660868447546154,9.891072860430828,7.158432964884579,6.4952974235605225,8.697870498258055,9.098113737218869,9.281329064166155,9.436276085530968,
202,Rwanda,RWA,"Central government debt, total (% of GDP)",GC.DOD.TOTL.GD.ZS,,,,,,,,,,,,,,,,,,,,,,,,,,,,,,,49.79692027290869,47.86010309092687,48.42897425741621,,,,,,,,,,,,,,,,,,,,,
203,South Asia,SAS,"Central government debt, total (% of GDP)",GC.DOD.TOTL.GD.ZS,,,,,,,,,,,,,,,,,,,,,,,,,,,,,,,65.69655707547857,70.6461680866586,68.28386323525149,71.55005037684342,66.54121000441607,66.1836432074826,65.19788038390924,59.88242969131555,72.7180677093296,64.06810978961279,64.5733198414706,58.49491764837356,62.70507732870463,61.85321148914336,61.51420619532178,61.1946742152241,59.109937754398075,56.478071263374176,,,50.60012925146011,,,
204,Saudi Arabia,SAU,"Central government debt, total (% of GDP)",GC.DOD.TOTL.GD.ZS,,,,,,,,,,,,,,,,,,,,,,,,,,,,,,,,,,,,,,,,,,,,,,,,,,,,,,
205,Southern Cone Extended,SCE,"Central government debt, total (% of GDP)",GC.DOD.TOTL.GD.ZS,,,,,,,,,,,,,,,,,,,,,,,,,,,,,,,,,,,,,,,,,,,,,,,,,,,,,,
206,Sudan,SDN,"Central government debt, total (% of GDP)",GC.DOD.TOTL.GD.ZS,,,,,,,,,,,,,,,,,,,,,,,,,,,,,,,,,,,,,,,7.869491698430592,8.658732435618303,,,,,,,,,,,,,,
207,Senegal,SEN,"Central government debt, total (% of GDP)",GC.DOD.TOTL.GD.ZS,,,,,,,,,,,,,,,,,,,,,,,,,,,,,,,,,,,,,,,,,,,,,,,,,,,,,,
208,Singapore,SGP,"Central government debt, total (% of GDP)",GC.DOD.TOTL.GD.ZS,,,,,,,,,,,,,,,,,,,,,,,,,,,,,,,77.83874861184586,78.96294542441103,81.8417001322932,72.83025222090122,70.19900930177249,72.71505667656429,72.6539458380202,71.33237181750026,82.61904081349523,87.8619404184208,84.05273769093748,94.47154258095529,107.02247890571519,109.31100062841799,102.53391813016997,95.25731584258324,83.30444780377711,77.68853654454307,97.10515904822553,107.33657783590249,102.90342103932515,106.80831324895767,110.90403204528556,
209,Solomon Islands,SLB,"Central government debt, total (% of GDP)",GC.DOD.TOTL.GD.ZS,,,,,,,,,,,,,,,,,,,,,,,,,,,,,,,,,,,,,,,,,,,,,,,,,,,,,,
210,Sierra Leone,SLE,"Central government debt, total (% of GDP)",GC.DOD.TOTL.GD.ZS,,,,,,,,,,,,,,,,,,,,,,,,,,,,,,,99.81877502896754,74.78457912077894,113.14993624683811,97.82008292440311,87.69841039914127,103.74317401083036,116.24762704397149,119.14129485229883,187.78096634063425,247.3813947788531,,,,,,,,,,,,,,
211,El Salvador,SLV,"Central government debt, total (% of GDP)",GC.DOD.TOTL.GD.ZS,,,,,,,,,,,,,,,,,,,,,,,,,,,,,,,,,,,,,,,,,,,55.277597209698946,50.97263851874497,49.08502813593867,48.33682387766325,43.566550049324285,41.023332620405974,40.644393635387985,49.53680847974445,49.52073693990653,47.829862397942854,,
212,San Marino,SMR,"Central government debt, total (% of GDP)",GC.DOD.TOTL.GD.ZS,,,,,,,,,,,,,,,,,,,,,,,,,,,,,,,,,,,,,,,,,,,16.54846652406417,34.47393403015076,41.4913517332705,51.08099395840867,62.04226770964987,61.45919167153284,59.04640835158057,,,,,
213,Somalia,SOM,"Central government debt, total (% of GDP)",GC.DOD.TOTL.GD.ZS,,,,,,,,,,,,,,,,,,,,,,,,,,,,,,,,,,,,,,,,,,,,,,,,,,,,,,
214,Serbia,SRB,"Central government debt, total (% of GDP)",GC.DOD.TOTL.GD.ZS,,,,,,,,,,,,,,,,,,,,,,,,,,,,,,,,,,,,,,,,,,,,,,,,,,,,,,
215,Sub-Saharan Africa (developing only),SSA,"Central government debt, total (% of GDP)",GC.DOD.TOTL.GD.ZS,,,,,,,,,,,,,,,,,,,,,,,,,,,,,,,,,,,,,,,,,,,,,,,,,,,,,,
216,South Sudan,SSD,"Central government debt, total (% of GDP)",GC.DOD.TOTL.GD.ZS,,,,,,,,,,,,,,,,,,,,,,,,,,,,,,,,,,,,,,,,,,,,,,,,,,,,,,
217,Sub-Saharan Africa (all income levels),SSF,"Central government debt, total (% of GDP)",GC.DOD.TOTL.GD.ZS,,,,,,,,,,,,,,,,,,,,,,,,,,,,,,,,,,,,,,,,,,,,,,,,,,,,,,
218,Small states,SST,"Central government debt, total (% of GDP)",GC.DOD.TOTL.GD.ZS,,,,,,,,,,,,,,,,,,,,,,,,,,,,,,,,,,,,,,,,,,,,,,,,,,,,,,
219,Sao Tome and Principe,STP,"Central government debt, total (% of GDP)",GC.DOD.TOTL.GD.ZS,,,,,,,,,,,,,,,,,,,,,,,,,,,,,,,,,,,,,,,,,,,,,,,,,,,,,,
220,Suriname,SUR,"Central government debt, total (% of GDP)",GC.DOD.TOTL.GD.ZS,,,,,,,,,,,,,,,,,,,,,,,,,,,,,,,,,,,,,,,,,,,,,,,,,,,,,,
221,Slovak Republic,SVK,"Central government debt, total (% of GDP)",GC.DOD.TOTL.GD.ZS,,,,,,,,,,,,,,,,,,,,,,,,,,,,,,,,,,,,,,,,,,,,45.37393175183359,44.85614255486923,37.13173339879221,32.916805843845005,31.916102425520155,30.23805930381599,38.24368205443189,46.55843080582756,45.61020189598155,54.302632354633175,
222,Slovenia,SVN,"Central government debt, total (% of GDP)",GC.DOD.TOTL.GD.ZS,,,,,,,,,,,,,,,,,,,,,,,,,,,,,,,,,,21.12055361922885,18.510553646628736,16.845888105574737,20.28397161588886,20.91442133976723,21.486954650343332,22.028282039023132,,,,,,,,,,,,,,
223,Sweden,SWE,"Central government debt, total (% of GDP)",GC.DOD.TOTL.GD.ZS,,,,,,,,,,,,,,,,,,,,,,,,,,,,,,,,,,,,84.74702623544202,89.19686177629504,86.66986034057118,86.2508296197971,75.81439763264576,68.19846149567833,57.24736514225101,54.6513179163785,53.18521557315176,52.74358059901005,53.092520875648844,46.573996087594416,40.75136483539122,42.008912967493885,42.057737322871155,38.68206767218042,38.51335840413407,36.63277750373341,
224,Swaziland,SWZ,"Central government debt, total (% of GDP)",GC.DOD.TOTL.GD.ZS,,,,,,,,,,,,,,,,,,,,,,,,,,,,,,,,,,,,,,,,,,,,,,,,,,,,,,
225,Sint Maarten (Dutch part),SXM,"Central government debt, total (% of GDP)",GC.DOD.TOTL.GD.ZS,,,,,,,,,,,,,,,,,,,,,,,,,,,,,,,,,,,,,,,,,,,,,,,,,,,,,,
226,Seychelles,SYC,"Central government debt, total (% of GDP)",GC.DOD.TOTL.GD.ZS,,,,,,,,,,,,,,,,,,,,,,,,,,,,,,,,,,,,,,,,,,,,,,,,,176.79001024728916,100.33920182218996,75.27690996966766,79.30493917086696,80.20831248531516,
227,Syrian Arab Republic,SYR,"Central government debt, total (% of GDP)",GC.DOD.TOTL.GD.ZS,,,,,,,,,,,,,,,,,,,,,,,,,,,,,,,,,,,,,,,,,,,,,,,,,,,,,,
228,Turks and Caicos Islands,TCA,"Central government debt, total (% of GDP)",GC.DOD.TOTL.GD.ZS,,,,,,,,,,,,,,,,,,,,,,,,,,,,,,,,,,,,,,,,,,,,,,,,,,,,,,
229,Chad,TCD,"Central government debt, total (% of GDP)",GC.DOD.TOTL.GD.ZS,,,,,,,,,,,,,,,,,,,,,,,,,,,,,,,,,,,,,,,,,,,,,,,,,,,,,,
230,Togo,TGO,"Central government debt, total (% of GDP)",GC.DOD.TOTL.GD.ZS,,,,,,,,,,,,,,,,,,,,,,,,,,,,,,,,,,,,,,,,,,,,,,,,,,,,,,
231,Thailand,THA,"Central government debt, total (% of GDP)",GC.DOD.TOTL.GD.ZS,,,,,,,,,,,,,,,,,,,,,,,,,,,,,,,,,,,,,,,,,,,,28.87396290479772,26.143781716736452,27.32998397127942,26.107690321110212,24.47985964429913,23.99906183228922,28.606964557297747,,,,
232,Tajikistan,TJK,"Central government debt, total (% of GDP)",GC.DOD.TOTL.GD.ZS,,,,,,,,,,,,,,,,,,,,,,,,,,,,,,,,,,,,,,,,151.54417043875364,114.07225049496503,79.80370336781498,,,,,,,,,,,,
233,Turkmenistan,TKM,"Central government debt, total (% of GDP)",GC.DOD.TOTL.GD.ZS,,,,,,,,,,,,,,,,,,,,,,,,,,,,,,,,,,,,,,,,,,,,,,,,,,,,,,
234,Timor-Leste,TLS,"Central government debt, total (% of GDP)",GC.DOD.TOTL.GD.ZS,,,,,,,,,,,,,,,,,,,,,,,,,,,,,,,,,,,,,,,,,,,,,,,,,,,,,,
235,Tonga,TON,"Central government debt, total (% of GDP)",GC.DOD.TOTL.GD.ZS,,,,,,,,,,,,,,,,,,,,,,,,,,,,,,,,,,,,,,,,,,,,,,,,,,,,,,
236,Trinidad and Tobago,TTO,"Central government debt, total (% of GDP)",GC.DOD.TOTL.GD.ZS,,,,,,,,,,,,,,,,,,,,,,,,,,,,,,,,,,58.844246273986336,53.43804511473095,51.51228215799472,,,,,,,,,,,16.803204109318497,15.927946083692945,,,,,,
237,Tunisia,TUN,"Central government debt, total (% of GDP)",GC.DOD.TOTL.GD.ZS,,,,,,,,,,,,,,,,,,,,,,,,,,,,,,,54.770380095601766,60.67271880819367,55.49913175443972,59.30982745686422,59.03451415851977,57.51826786614903,55.29651794003031,56.93532780668951,54.28174403383345,55.63863638033789,56.72146854073448,56.467642102278994,55.934093989921394,55.02116002747835,53.837419474440374,52.42052972224213,48.56231847317501,45.78954124612891,43.29193490603932,42.92979215095472,40.65969964636293,44.48832895347039,44.46785926575901,
238,Turkey,TUR,"Central government debt, total (% of GDP)",GC.DOD.TOTL.GD.ZS,,,,,,,,,,,,,,,,,,,,,,,,,,,,,,,,,,,,,,,,,,,,,,,,,43.95434339266916,54.01661917241311,51.33858684734835,46.93752725356644,45.14453271330146,
239,Tuvalu,TUV,"Central government debt, total (% of GDP)",GC.DOD.TOTL.GD.ZS,,,,,,,,,,,,,,,,,,,,,,,,,,,,,,,,,,,,,,,,,,,,,,,,,,,,,,
240,Tanzania,TZA,"Central government debt, total (% of GDP)",GC.DOD.TOTL.GD.ZS,,,,,,,,,,,,,,,,,,,,,,,,,,,,,,,,,,,,,,,,,,,,,,,,,,,,,,
241,Uganda,UGA,"Central government debt, total (% of GDP)",GC.DOD.TOTL.GD.ZS,,,,,,,,,,,,,,,,,,,,,,,,,,,,,,,,,,,,,,,57.04699316403025,46.446240836158466,42.92658845903899,,,,69.34236144380887,64.94706896735381,57.927747441443735,26.492403271251774,33.19319989274258,33.145999336252075,32.31450396095999,42.686466329145425,39.33366806068145,
242,Ukraine,UKR,"Central government debt, total (% of GDP)",GC.DOD.TOTL.GD.ZS,,,,,,,,,,,,,,,,,,,,,,,,,,,,,,,,,,,,,,,,60.97644816627527,45.287469865349564,,,,,,,,13.826704329702045,24.875123857906924,29.880330953500422,27.438688435955115,33.54620553017988,
243,Upper middle income,UMC,"Central government debt, total (% of GDP)",GC.DOD.TOTL.GD.ZS,,,,,,,,,,,,,,,,,,,,,,,,,,,,,,,,,,,,,,,,,,,,,,,,,,,,,,
244,Uruguay,URY,"Central government debt, total (% of GDP)",GC.DOD.TOTL.GD.ZS,,,,,,,,,,,,,,,,,,,,,,,,,,,,,,,31.595963036401475,24.59057575914115,23.604777319410683,21.879143037130174,24.53018807180945,,,,,,,40.64333485292476,95.26786072324688,105.6027808507543,85.42559411605536,76.11445968366804,69.02689635225529,58.51206056239005,57.252682472610594,51.213814282175505,45.819022890367414,46.04819443969177,44.49810814544273,
245,United States,USA,"Central government debt, total (% of GDP)",GC.DOD.TOTL.GD.ZS,,,,,,,,,,,,,,,,,,,,,,,,,,,,,,,,,,,,,,,,,,51.97688535853106,53.489918216425934,55.96150171122809,56.375335994135376,56.28235869083801,55.28687607790502,55.62177579193801,64.02247236809032,76.31832652466726,85.58526035712615,90.05072808971404,93.80717284513007,
246,Uzbekistan,UZB,"Central government debt, total (% of GDP)",GC.DOD.TOTL.GD.ZS,,,,,,,,,,,,,,,,,,,,,,,,,,,,,,,,,,,,,,,,,,,,,,,,,,,,,,
247,St. Vincent and the Grenadines,VCT,"Central government debt, total (% of GDP)",GC.DOD.TOTL.GD.ZS,,,,,,,,,,,,,,,,,,,,,,,,,,,,,,,38.23155691755736,37.87495966046634,40.08830965425097,48.81415995443788,51.47764000115374,51.41069958979515,48.99355554242044,46.73381440432711,47.06362504319739,61.1579840185706,,,,,,,,,,,,,,
248,"Venezuela, RB",VEN,"Central government debt, total (% of GDP)",GC.DOD.TOTL.GD.ZS,,,,,,,,,,,,,,,,,,,,,,,,,,,,,,,,,,,,,,,,,,,,,,,,,,,,,,
249,Virgin Islands (U.S.),VIR,"Central government debt, total (% of GDP)",GC.DOD.TOTL.GD.ZS,,,,,,,,,,,,,,,,,,,,,,,,,,,,,,,,,,,,,,,,,,,,,,,,,,,,,,
250,Vietnam,VNM,"Central government debt, total (% of GDP)",GC.DOD.TOTL.GD.ZS,,,,,,,,,,,,,,,,,,,,,,,,,,,,,,,,,,,,,,,,,,,,,,,,,,,,,,
251,Vanuatu,VUT,"Central government debt, total (% of GDP)",GC.DOD.TOTL.GD.ZS,,,,,,,,,,,,,,,,,,,,,,,,,,,,,,,24.966562398878224,,,,,25.77889638866644,23.814391588477967,24.893760539629007,28.402296101411146,27.30400092506938,,,,,,,,,,,,,,
252,West Bank and Gaza,PSE,"Central government debt, total (% of GDP)",GC.DOD.TOTL.GD.ZS,,,,,,,,,,,,,,,,,,,,,,,,,,,,,,,,,,,,,,,,,,,,,,,,,,,,,,
253,World,WLD,"Central government debt, total (% of GDP)",GC.DOD.TOTL.GD.ZS,,,,,,,,,,,,,,,,,,,,,,,,,,,,,,,,,,,,,,,,,,,,,,,,,,,,,,
254,Samoa,WSM,"Central government debt, total (% of GDP)",GC.DOD.TOTL.GD.ZS,,,,,,,,,,,,,,,,,,,,,,,,,,,,,,,,,,,,,,,,,,,,,,,,,,,,,,
255,"Yemen, Rep.",YEM,"Central government debt, total (% of GDP)",GC.DOD.TOTL.GD.ZS,,,,,,,,,,,,,,,,,,,,,,,,,,,,,,,,,,,,,,,,,,,,,,,,,,,,,,
256,South Africa,ZAF,"Central government debt, total (% of GDP)",GC.DOD.TOTL.GD.ZS,,,,,,,,,,,,,,,,,,,,,,,,,,,,,,,,,,,,,,,,,45.26973919079638,,,,,,,,,,,,,
257,"Congo, Dem. Rep.",COD,"Central government debt, total (% of GDP)",GC.DOD.TOTL.GD.ZS,,,,,,,,,,,,,,,,,,,,,,,,,,,,,,,289.84472708486055,120.30218039096042,128.77522999707008,103.98722362931045,169.78658053682284,232.93623575567716,243.5955086245771,152.18700243499202,,,,,,,,,,,,,,,,
258,Zambia,ZMB,"Central government debt, total (% of GDP)",GC.DOD.TOTL.GD.ZS,,,,,,,,,,,,,,,,,,,,,,,,,,,,,,,244.3805403028933,277.5302987912581,164.70075230039527,161.7860803656674,163.04183506707938,169.98435625784606,193.52184877598762,165.15116888535493,176.20066419752143,,,,,,,,,,,,,,,
259,Zimbabwe,ZWE,"Central government debt, total (% of GDP)",GC.DOD.TOTL.GD.ZS,,,,,,,,,,,,,,,,,,,,,,,,,,,,,,,48.44049588733486,54.90362396469338,59.31437808488111,58.976718381557326,55.43439309124071,77.08821316608693,62.18510602917979,57.40679805127256,,,,,,,,,,,,,,,,
